MAE,MSE,RMSE,R2,n_train,n_test
0.525,0.3811149999999965,0.6173451222776418,0.9969520553422905,40,10
